Date,Model,Batch,Mode,EVA16(kg),EVA25(kg),LDPE24(kg),LDPE40(kg),POE(kg),AC_PE_MB(kg),AC_EVA_MB(kg),DCP(kg),ZnO(kg),Urea(kg),BHT(kg),Filler_MB(kg),Color_MB(kg),ATH(kg),BrSb_MB(kg),CP70(kg),Powder(kg),PEG4000(kg),HALS(kg),EVA16_VA%,EVA25_VA%,Weighted_VA%,Effective_VA%,Temp1(°C),Time1(min),Temp2(°C),Time2(min),MixTime(min),RotorSpeed(rpm),AC(phr),DCP(phr),BHT(phr),ZnO(phr),Urea(phr),BaseDCPNeed(phr),EffectiveDCP(phr),DCP_SupplyRatio%,CrosslinkIndex,CrosslinkEff,CI_Min,CI_Max,CI_OptimalLow,CI_OptimalHigh,TheoDensity,PredDensity,PredExpansion,Quality_Score,Warning_Count,Warnings
"2026-02-26","460","米白G1U","production","","","24.4","5","","16","","0.515","0.185","0.045","0.04","5.5","","","","","0.5","0.16","","16","25","16.00","","150.7","26","164","25","18","55","20.63","1.328","0.103","0.477","0.116","0.817","0.817","143.3","1.303","1.001","0.692","1.277","0.867","1.101","1.0590","0.0357","29.69","84","2","[Warning] 交聯指數Too High(1.303 > 1.277)，可能導致泡棉硬脆; [Warning] 交聯指數Too High(1.303 > 1.277)，可能導致泡棉硬脆"
"2026-02-26","460","黃602U","production","2","","22.2","5","","15.7","","0.53","0.175","0.025","0.05","5","0.64","","","","","0.16","","16","25","16.00","","148.2","26","164","25","18","55","20.24","1.367","0.129","0.451","0.064","0.848","0.848","138.0","1.184","1.003","0.692","1.277","0.867","1.101","1.0498","0.0360","29.14","100","0",""
"2026-02-26","460","蘋果綠333U","production","2","","20.5","5","","17","","0.5","0.165","0.037","0.05","5","1.44","","","","","0.16","","16","25","16.00","","148","26","164","25","18","55","22.18","1.304","0.130","0.430","0.097","0.845","0.845","130.9","1.117","1.003","0.692","1.277","0.867","1.101","1.0587","0.0334","31.71","100","0",""
"2026-02-26","460","深水藍628U","production","2","","22","5","","16","","0.53","0.165","0.025","0.05","5","0.45","","","","","0.16","","16","25","16.00","","148.2","26","164","25","18","55","20.73","1.374","0.130","0.428","0.065","0.842","0.842","139.7","1.198","1.002","0.692","1.277","0.867","1.101","1.0509","0.0354","29.72","100","0",""
"2026-02-26","460","藍307U","production","2","","19","5","","16","","0.51","0.16","0.06","0.05","5","5.73","","","","","0.16","","16","25","16.00","","148","26","164","25","18","55","20.23","1.290","0.126","0.405","0.152","1.009","1.009","108.7","0.930","1.005","0.673","1.244","0.844","1.073","1.0650","0.0360","29.56","100","0",""
"2026-02-26","460","深藍2925U","production","2","","21.4","5","","16","","0.515","0.195","0.03","0.05","5","1.2","","","","","0.16","","16","25","16.00","","149.7","26","164","25","18","55","20.75","1.336","0.130","0.506","0.078","0.867","0.867","131.4","1.168","1.003","0.692","1.277","0.867","1.101","1.0535","0.0352","29.90","100","0",""
"2026-02-26","460","粉紅236U","production","2","","21.6","5","","16","","0.52","0.195","0.03","0.05","5","1.4","","","","","0.16","","16","25","16.00","","149.7","26","164","25","18","55","20.57","1.337","0.129","0.501","0.077","0.873","0.873","130.8","1.163","1.003","0.692","1.277","0.867","1.101","1.0531","0.0355","29.67","100","0",""
"2026-02-26","460","紅232U","production","2","","19.2","5","","15.8","","0.51","0.155","0.025","0.04","5","6.14","","","","","0.15","","16","25","16.00","0.00","148","26","164","25","18","55","19.20","1.239","0.097","0.377","0.061","0.871","0.871","121.9","1.207","1.006","0.894","1.490","1.073","1.312","1.0476","0.0378","27.70","100","0",""
"2026-02-26","460","金黃1225U","production","2","","22.9","5","","16","","0.53","0.165","0.025","0.05","5","1.39","","","","","0.16","","16","25","16.00","","148.5","26","164","25","18","55","19.90","1.319","0.124","0.411","0.062","0.870","0.870","129.8","1.123","1.003","0.692","1.277","0.867","1.101","1.0494","0.0365","28.71","100","0",""
"2026-02-26","460","灰10U","production","2","","21.9","5","","16.2","","0.5","0.145","0.025","0.04","5","0.9","","","","","0.16","","16","25","16.00","","149","26","164","25","18","55","20.81","1.285","0.103","0.373","0.064","0.856","0.856","131.7","1.157","1.003","0.692","1.277","0.867","1.101","1.0522","0.0353","29.78","100","0",""
"2026-02-26","460","特黑06C","production","2","","17.8","5","","16.2","","0.455","0.185","0.05","0.04","5","5.3","","","","","0.16","","16","25","16.00","","147","26","164","25","18","55","21.25","1.193","0.105","0.485","0.131","0.968","0.968","106.7","0.892","1.005","0.674","1.245","0.846","1.074","1.0689","0.0348","30.74","100","0",""
"2026-02-26","2500AHH","黃602U","production","","","22","10","","14","","0.51","0.15","0.03","0.05","5","0.5","","","","","0.16","","16","25","16.00","","150","30","164","25","18","55","17.23","1.255","0.123","0.369","0.074","0.832","0.832","128.4","1.179","1.001","0.692","1.277","0.867","1.101","1.0374","0.0406","25.52","100","0",""
"2026-02-26","2500AHH","蘋果綠333U","production","","","23","10","","14","","0.51","0.15","0.035","0.05","5","1.33","","","","","0.16","","16","25","16.00","","149.5","30","164","25","18","55","16.57","1.207","0.118","0.355","0.083","0.924","0.924","111.2","1.013","1.001","0.692","1.277","0.867","1.101","1.0360","0.0419","24.75","100","0",""
"2026-02-26","2500AHH","深藍2925U","production","","","22.8","10","","14","","0.51","0.15","0.03","0.05","5","1","","","","","0.16","","16","25","16.00","","149.5","30","164","25","18","55","16.75","1.220","0.120","0.359","0.072","0.913","0.913","113.7","1.035","1.001","0.692","1.277","0.867","1.101","1.0361","0.0416","24.92","100","0",""
"2026-02-26","2500AHH","深藍297U","production","","","18","15.2","","14","","0.545","0.155","0.045","0.05","5","2.37","","","","","0.16","","16","25","16.00","","149.5","30","164","25","18","55","16.19","1.261","0.116","0.359","0.104","0.955","0.955","113.6","1.035","1.002","0.689","1.272","0.864","1.097","1.0369","0.0425","24.38","100","0",""
"2026-02-26","2500AHH","藍280U","production","","","17.4","10.3","","14.5","","0.58","0.155","0.06","0.055","5.1","8.68","","","","","0.16","","16","25","16.00","","149","30","164","25","18","55","16.97","1.357","0.129","0.363","0.140","1.071","1.071","108.4","0.980","1.005","0.663","1.225","0.832","1.056","1.0597","0.0416","25.46","100","0",""
"2026-02-26","2500AHH","藍310U","production","","","23","10","","14","","0.52","0.17","0.05","0.05","5","0.5","","","","","0.16","","16","25","16.00","","149.5","30","164","25","18","55","16.82","1.249","0.120","0.408","0.120","0.831","0.831","128.3","1.168","1.001","0.692","1.277","0.867","1.101","1.0349","0.0411","25.20","100","0",""
"2026-02-26","2500AHH","藍298U","production","","","22.5","10","","14","","0.515","0.175","0.04","0.05","5","0.95","","","","","0.16","","16","25","16.00","","149.5","30","164","25","18","55","16.88","1.242","0.121","0.422","0.096","0.845","0.845","125.3","1.141","1.001","0.692","1.277","0.867","1.101","1.0367","0.0411","25.20","100","0",""
"2026-02-26","2500AHH","大紅178U","production","","","21.5","10","","14","","0.53","0.15","0.035","0.05","5","2.06","","","","","0.16","","16","25","16.00","","150","30","164","25","18","55","16.95","1.283","0.121","0.363","0.085","0.879","0.879","125.1","1.149","1.002","0.690","1.274","0.865","1.099","1.0406","0.0412","25.23","100","0",""
"2026-02-26","2500","綠3265U","production","2.1","","13.7","4.2","","11.8","","0.35","0.145","0.04","0.03","4.2","4.57","","","","","0.16","","16","25","16.00","","148.3","30","164","25","18","55","19.42","1.152","0.099","0.477","0.132","1.021","1.021","98.1","0.879","1.006","0.672","1.242","0.843","1.071","1.0681","0.0376","28.42","100","0",""
"2026-02-26","2500","藍285U","production","2","","15.6","4","","11.2","","0.4","0.15","0.025","0.03","4","2.36","","","","","0.16","","16","25","16.00","","148.3","26","164","25","18","55","18.69","1.335","0.100","0.501","0.083","0.930","0.930","127.1","1.100","1.004","0.685","1.265","0.859","1.091","1.0551","0.0386","27.31","100","0",""
"2026-02-26","2500","蘋果綠333U","production","2","","15.5","4","","11.2","","0.37","0.135","0.025","0.03","4","1.03","","","","","0.16","","16","25","16.00","","148","30","164","25","18","55","19.40","1.281","0.104","0.468","0.087","0.876","0.876","128.1","1.136","1.003","0.692","1.277","0.867","1.101","1.0537","0.0374","28.21","100","0",""
"2026-02-26","2500","深藍2925U","production","2","","16.3","4","","11.2","","0.38","0.135","0.02","0.03","4","0.86","","","","","0.16","","16","25","16.00","","148","26","164","25","18","55","18.95","1.286","0.102","0.457","0.068","0.868","0.868","130.4","1.118","1.003","0.692","1.277","0.867","1.101","1.0503","0.0382","27.53","100","0",""
"2026-02-26","2500","粉紅236U","production","2","","15.3","4","","11.5","","0.37","0.115","0.02","0.03","4","1","","","","","0.05","","16","25","16.00","0.00","147.5","27","164","25","18","55","19.83","1.276","0.103","0.397","0.069","0.841","0.841","129.4","1.277","1.004","0.900","1.500","1.080","1.320","1.0514","0.0370","28.45","100","0",""
"2026-02-26","2500","金黃122U","production","2","","17.5","4","","11.3","","0.415","0.135","0.03","0.03","4","1","","","","","0.16","","16","25","16.00","","148.3","27","164","25","18","55","18.28","1.343","0.097","0.437","0.097","0.871","0.871","137.2","1.197","1.003","0.692","1.277","0.867","1.101","1.0465","0.0389","26.89","100","0",""
"2026-02-26","2500","特黑06C","production","","","15.8","4","","11.2","","0.412","0.125","0.025","0.03","4","3.25","","","","","0.16","","16","25","16.00","","146.5","26","164","25","18","55","19.42","1.429","0.104","0.433","0.087","0.959","0.959","132.4","1.088","1.003","0.679","1.254","0.851","1.081","1.0626","0.0377","28.17","100","0",""
"2026-02-26","2200C","灰7C","production","","","28","10","","16","","0.56","0.155","0.03","0.06","5","0.76","","","","","0.1","","16","25","16.00","0.00","151","26","164","25","18","55","16.75","1.172","0.126","0.324","0.063","0.960","0.960","99.1","0.972","1.001","0.900","1.500","1.080","1.320","1.0298","0.0415","24.79","100","0",""
"2026-02-26","2200C","黃602U","production","","","28","10","","15.8","","0.59","0.175","0.04","0.06","5","0.65","","","","","0.1","","16","25","16.00","0.00","153.5","26","164","25","18","55","16.57","1.238","0.126","0.367","0.084","0.899","0.899","112.6","1.105","1.001","0.900","1.500","1.080","1.320","1.0282","0.0417","24.66","80","2","[Warning] 混練Discharge Temperature(131°C)已超過AC有效分解溫度(126°C);   ZnO/AC比High(2.22%)，發泡加速明顯"
"2026-02-26","2200C","綠339U","production","","","25.2","9","","16.5","","0.535","0.17","0.045","0.06","5","6","","","","","0.16","","16","25","16.00","","149.5","26","164","25","18","55","17.12","1.110","0.124","0.353","0.093","0.972","0.972","94.8","0.840","1.003","0.677","1.250","0.849","1.078","1.0441","0.0409","25.55","100","0",""
"2026-02-26","2200C","藍300U","production","","","24","10","","16","","0.57","0.18","0.04","0.06","5","6.27","","","","","0.16","","16","25","16.00","","151","26","164","25","18","55","16.68","1.189","0.125","0.375","0.083","1.058","1.058","94.4","0.862","1.003","0.676","1.248","0.848","1.076","1.0439","0.0418","24.96","100","0",""
"2026-02-26","2200C","深藍2925U","production","","","27.7","10","","16","","0.58","0.175","0.035","0.06","5","1.2","","","","","0.16","","16","25","16.00","","153.5","26","164","25","18","55","16.72","1.212","0.125","0.366","0.073","0.914","0.914","111.8","1.057","1.001","0.692","1.277","0.867","1.101","1.0303","0.0413","24.95","100","0",""
"2026-02-26","2200C","紅186C","production","","","22","10","","16","","0.565","0.17","0.03","0.06","5","9.44","","","","","0.16","","16","25","16.00","","150.5","30","164","25","18","55","16.55","1.169","0.124","0.352","0.062","1.145","1.145","85.6","0.795","1.004","0.665","1.227","0.834","1.059","1.0515","0.0425","24.74","100","0",""
"2026-02-26","2200C","桔123C","production","","","29.8","5","","15.9","","0.59","0.17","0.04","0.06","5","5.25","","","","","0.16","","16","25","16.00","","151","26","164","25","18","55","16.58","1.231","0.125","0.355","0.083","1.029","1.029","101.1","0.923","1.003","0.680","1.255","0.852","1.082","1.0408","0.0419","24.83","100","0",""
"2026-02-26","2200C","特黑06C","production","","","23.5","10.4","","16.7","","0.55","0.185","0.045","0.062","5.1","7.2","","","","","0.16","","16","25","16.00","","150.5","26","164","25","18","55","17.07","1.124","0.127","0.378","0.092","1.000","1.000","93.1","0.843","1.004","0.673","1.243","0.844","1.072","1.0471","0.0411","25.48","100","0",""
"2026-02-26","2000AHH","特黑06C","production","","","25.2","10","","14","","0.55","0.195","0.06","0.05","5","6.57","","","","","0.16","","16","25","16.00","","148.6","30","164","25","18","55","14.47","1.137","0.103","0.403","0.124","1.064","1.064","92.0","0.827","1.003","0.675","1.246","0.846","1.075","1.0374","0.0465","22.32","92","1","[Warning] 混練Discharge Temperature(120°C)接近AC有效分解溫度(115°C)，AC可能提前分解"
"2026-02-26","2000AHH","綠571U","production","","","24","15","","14","","0.565","0.175","0.055","0.04","5","0.43","","","","","0.16","","16","25","16.00","","149.5","30","164","25","18","55","14.71","1.188","0.084","0.368","0.116","0.892","0.892","118.7","1.086","1.001","0.692","1.277","0.867","1.101","1.0221","0.0452","22.59","100","0",""
"2026-02-26","2000AHH","灰423U","production","","","22","15","","14.3","","0.585","0.165","0.055","0.05","5","0.54","","","","","0.16","","16","25","16.00","","149.5","30","164","25","18","55","15.61","1.277","0.109","0.360","0.120","0.896","0.896","123.9","1.130","1.001","0.692","1.277","0.867","1.101","1.0269","0.0433","23.73","100","0",""
"2026-02-26","2000AHH","寶藍293U","production","","","19","15","","14","","0.57","0.17","0.05","0.05","5","7.63","","","","","0.16","","16","25","16.00","","149.5","30","164","25","18","55","14.59","1.188","0.104","0.354","0.104","1.096","1.096","93.9","0.859","1.004","0.671","1.239","0.841","1.069","1.0412","0.0465","22.40","100","0",""
"2026-02-26","2000AHH","深紫266C","production","","","25","10","","14.3","","0.57","0.17","0.06","0.05","5","4.73","","","","","0.16","","16","25","16.00","","149.2","26","164","25","18","55","15.23","1.214","0.107","0.362","0.128","1.017","1.017","103.4","0.912","1.003","0.681","1.258","0.854","1.085","1.0364","0.0445","23.27","100","0",""
"2026-02-26","2000","膚4675C","production","","","18","12","","11","","0.445","0.165","0.045","0.04","5","0.3","","","","","0.16","","16","25","16.00","","150.8","26","164","25","18","55","14.87","1.204","0.108","0.446","0.122","0.893","0.893","116.4","1.059","1.001","0.692","1.277","0.867","1.101","1.0343","0.0457","22.65","92","1","[Warning] 混練Discharge Temperature(120°C)接近AC有效分解溫度(114°C)，AC可能提前分解"
"2026-02-26","2000","黑7U","production","","","17.7","12","","11","","0.43","0.16","0.035","0.04","5","0.9","","","","","0.16","","16","25","16.00","","151","26","164","25","18","55","14.81","1.158","0.108","0.431","0.094","0.915","0.915","108.7","0.994","1.001","0.692","1.277","0.867","1.101","1.0361","0.0461","22.47","100","0",""
"2026-02-26","2000","淺灰430U","production","","","15.3","14","","11","","0.415","0.165","0.035","0.04","5.78","0.4","","","","0.78","0.16","","16","25","16.00","","153.5","26","164","25","18","55","15.05","1.136","0.109","0.451","0.096","0.898","0.898","107.9","1.023","1.001","0.692","1.277","0.867","1.101","1.0543","0.0469","22.48","100","0",""
"2026-02-26","2000","灰","production","","","19.7","10","","11","","0.415","0.165","0.03","0.04","5.36","0.86","","","","","0.16","","16","25","16.00","","151","26","164","25","18","55","14.79","1.116","0.108","0.444","0.081","0.914","0.914","104.2","0.953","1.001","0.692","1.277","0.867","1.101","1.0395","0.0465","22.33","100","0",""
"2026-02-26","2000","綠367C","production","","","18.5","10","","11","","0.435","0.17","0.04","0.04","5","3.73","","","","","0.16","","16","25","16.00","","151","26","164","25","18","55","14.46","1.143","0.105","0.447","0.105","1.015","1.015","96.9","0.887","1.003","0.682","1.259","0.855","1.085","1.0433","0.0473","22.08","100","0",""
"2026-02-26","2000","綠571U","production","","","19.7","10","","10.8","","0.42","0.165","0.03","0.04","5","0.34","","","","","0.16","","16","25","16.00","","151","26","164","25","18","55","14.75","1.147","0.109","0.451","0.082","0.894","0.894","109.7","1.002","1.001","0.692","1.277","0.867","1.101","1.0346","0.0463","22.33","100","0",""
"2026-02-26","2000","綠377U","production","","","17","10","","11.2","","0.45","0.16","0.025","0.04","5","5.07","","","","","0.16","","16","25","16.00","","151","26","164","25","18","55","14.87","1.195","0.106","0.425","0.066","1.064","1.064","97.1","0.889","1.003","0.675","1.247","0.847","1.075","1.0499","0.0468","22.44","100","0",""
"2026-02-26","2000","草綠346U","production","","","15","14","","11.2","","0.43","0.14","0.025","0.04","5","1.45","","","","","0.16","","16","25","16.00","","149.5","26","164","25","18","55","15.16","1.164","0.108","0.379","0.068","0.935","0.935","106.9","0.948","1.002","0.692","1.277","0.867","1.101","1.0393","0.0456","22.78","100","0",""
"2026-02-26","2000","藍300U","production","","","19","8","","11.2","","0.43","0.17","0.04","0.04","5","4.43","","","","","0.16","","16","25","16.00","","150","26","164","25","18","55","15.06","1.157","0.108","0.457","0.108","1.044","1.044","95.1","0.855","1.003","0.678","1.252","0.850","1.080","1.0491","0.0459","22.84","100","0",""
"2026-02-26","2000","藍2945U","production","","","14.6","11","","11","","0.43","0.18","0.03","0.04","5","7.37","","","","","0.16","","16","25","16.00","","151","26","164","25","18","55","14.52","1.135","0.106","0.475","0.079","1.146","1.146","85.0","0.780","1.005","0.665","1.228","0.834","1.059","1.0563","0.0479","22.06","92","1","[Warning] ZnO/AC比Too High(3.27%)，DCP供需比僅85%，交聯-發泡可能失衡"
"2026-02-26","2000","紫271U","production","","","23.8","5","","11","","0.42","0.15","0.03","0.04","5","1.86","","","","","0.16","","16","25","16.00","","151.5","26","164","25","18","55","14.89","1.137","0.108","0.406","0.081","0.950","0.950","102.3","0.944","1.002","0.690","1.274","0.865","1.099","1.0399","0.0462","22.50","100","0",""
"2026-02-26","2000","深粉紅211U","production","","","17.1","12","","11","","0.43","0.15","0.02","0.04","5","1","","","","","0.16","","16","25","16.00","","151.5","26","164","25","18","55","15.03","1.175","0.109","0.410","0.055","0.919","0.919","109.7","1.012","1.001","0.692","1.277","0.867","1.101","1.0379","0.0460","22.56","100","0",""
"2026-02-26","2000","特黑06C","production","","","21.4","5","","11","","0.42","0.15","0.07","0.04","5","5.2","","","","","0.16","","16","25","16.00","","151.7","26","164","25","18","55","14.84","1.134","0.108","0.405","0.189","1.072","1.072","90.4","0.838","1.004","0.674","1.245","0.845","1.074","1.0514","0.0461","22.81","92","1","[Warning] 混練Discharge Temperature(120°C)接近AC有效分解溫度(109°C)，AC可能提前分解"
"2026-02-26","451","米白G1U","production","19.2","","","12","","","16","0.61","0.16","0.03","0.02","4","","","","","0.5","0.16","","16","25","16.00","","143","26","164","25","18","55","19.90","1.517","0.050","0.398","0.075","0.958","0.958","150.3","1.123","1.018","1.049","1.607","1.216","1.440","1.0500","0.0365","28.78","100","0",""
"2026-02-26","451","特黑05CL","production","18","","","10","","","16","0.575","0.165","0.05","0.02","4","5.3","","","","","0.16","","16","25","16.00","","148","26","164","25","18","55","19.52","1.403","0.049","0.403","0.122","1.112","1.112","119.4","1.049","1.020","1.094","1.677","1.269","1.502","1.0583","0.0368","28.77","84","2","[Warning] 交聯指數Low(1.049 < 1.094)，泡孔結構可能不穩定; [Warning] 交聯指數Low(1.049 < 1.094)，泡孔結構可能不穩定"
"2026-02-26","3000","特黑06C","production","11.7","","","9.2","","","11.2","0.455","0.16","0.035","0.02","4","3.55","","","","","0.16","","16","25","16.00","","140.5","26","164","25","18","55","18.57","1.508","0.066","0.530","0.116","1.086","1.086","129.5","0.877","1.018","0.821","1.258","0.952","1.127","1.0664","0.0391","27.29","100","0",""
"2026-02-26","2500特殊板","藍285U","production","8.9","","","14.7","","","11.8","0.51","0.13","0.035","0.04","4.2","2.35","","","","","0.16","","16","25","16.00","","143.5","26","164","25","18","55","18.26","1.578","0.124","0.402","0.108","1.005","1.005","138.3","1.037","1.014","0.677","1.038","0.785","0.929","1.0572","0.0393","26.87","100","0",""
"2026-02-26","2500特殊板","深藍2925U","production","8.5","","","14","","","11.2","0.475","0.12","0.03","0.04","4","0.86","","","","","0.16","","16","25","16.00","","143.5","26","164","25","18","55","18.83","1.597","0.134","0.403","0.101","0.953","0.953","146.0","1.092","1.014","0.723","1.108","0.838","0.992","1.0552","0.0384","27.51","100","0",""
"2026-02-26","1900CUV","綠342U","production","","","31","5","","17","","0.52","0.21","0.09","0.05","6","13","","","","","0.16","0.85","16","25","16.00","","150.5","30","164","27","18","55","15.25","0.933","0.090","0.377","0.161","1.197","1.197","66.5","0.621","1.005","0.658","1.215","0.825","1.048","1.0541","0.0450","23.41","76","3","[Warning] 混練Discharge Temperature(120°C)接近AC有效分解溫度(114°C)，AC可能提前分解; [Warning] 交聯指數Low(0.621 < 0.658)，泡孔結構可能不穩定; [Warning] 交聯指數Low(0.621 < 0.658)，泡孔結構可能不穩定"
"2026-02-26","1900C","黃602U","production","","","36","10","","16","","0.65","0.17","0.065","0.06","6","0.65","","","","","0.16","","16","25","16.00","","151","30","164","27","18","55","14.29","1.161","0.107","0.304","0.116","0.896","0.896","111.4","1.041","1.001","0.692","1.277","0.867","1.101","1.0219","0.0463","22.06","100","0",""
"2026-02-26","1900C","綠360C","production","","","33","10","","16.3","","0.59","0.185","0.085","0.06","5","5.7","","","","","0.16","","16","25","16.00","","151","30","164","28","18","55","14.38","1.041","0.106","0.326","0.150","1.016","1.016","86.6","0.811","1.003","0.681","1.258","0.854","1.085","1.0266","0.0459","22.38","100","0",""
"2026-02-26","1900C","藍300U-1","production","","","30.6","10","","17","","0.59","0.185","0.09","0.06","6","5.61","","","","","0.16","","16","25","16.00","","153.3","30","164","28","18","55","15.51","1.076","0.109","0.338","0.164","1.019","1.019","89.3","0.858","1.003","0.681","1.257","0.854","1.084","1.0386","0.0437","23.74","100","0",""
"2026-02-26","1900C","藍312U","production","5","","32.5","5","","17","","0.53","0.18","0.08","0.03","6","3.7","","","","","0.16","","16","25","16.00","","150.7","30","164","28","18","55","15.38","0.959","0.054","0.326","0.145","0.992","0.992","88.3","0.831","1.004","0.687","1.268","0.861","1.094","1.0345","0.0440","23.53","100","0",""
"2026-02-26","1900C","灰7C","production","","","36","10","","15.6","","0.65","0.16","0.075","0.06","6","0.76","","","","","0.16","","16","25","16.00","","152","30","164","27","18","55","13.96","1.163","0.107","0.286","0.134","0.899","0.899","111.3","1.054","1.001","0.692","1.277","0.867","1.101","1.0213","0.0471","21.69","100","0",""
"2026-02-26","1900C","紅186C","production","","","34.3","5","","16","","0.64","0.18","0.085","0.06","6","9.44","","","","","0.16","","16","25","16.00","","153.5","30","164","28","18","55","14.32","1.145","0.107","0.322","0.152","1.110","1.110","88.5","0.853","1.004","0.669","1.236","0.839","1.066","1.0429","0.0470","22.19","92","1","[Warning] 混練Discharge Temperature(120°C)接近AC有效分解溫度(115°C)，AC可能提前分解"
"2026-02-26","1900C","桔1585C","production","","","27.2","10","","16","","0.59","0.17","0.085","0.04","6","11.5","","","","","0.16","","16","25","16.00","","151.2","30","164","28","18","55","14.46","1.066","0.072","0.307","0.154","1.163","1.163","82.2","0.778","1.005","0.663","1.223","0.831","1.055","1.0488","0.0469","22.38","100","0",""
"2026-02-26","1900C","特黑06C","production","","","31.1","10","","16.8","","0.615","0.175","0.065","0.06","6","7.1","","","","","0.16","","16","25","16.00","","152","30","164","28","18","55","14.91","1.092","0.107","0.311","0.115","1.051","1.051","88.4","0.839","1.003","0.677","1.250","0.849","1.078","1.0388","0.0454","22.86","100","0",""
"2026-02-26","1800C","桔123C","production","","","27.5","10","","13","","0.57","0.195","0.04","0.05","5","4.28","","","","","0.16","","16","25","16.00","","151","26","164","50","18","55","13.41","1.176","0.103","0.402","0.083","1.000","1.000","101.9","0.933","1.002","0.683","1.262","0.857","1.088","1.0278","0.0492","20.87","100","0",""
"2026-02-26","1800B","黑419C","production","5","","18.2","5.8","","11.5","","0.45","0.13","0.02","0.045","1.9","4.9","","","","","0.16","","16","25","16.00","","148","26","164","50","18","55","14.78","1.157","0.116","0.334","0.051","1.077","1.077","91.1","0.782","1.006","0.677","1.250","0.849","1.078","1.0174","0.0446","22.83","100","0",""
"2026-02-26","1800A","棕7502U","production","","","15.7","14","","11","","0.43","0.14","0.015","0.04","5","1.18","","","","","0.16","","16","25","16.00","","151","26","164","50","18","55","14.73","1.152","0.107","0.375","0.040","0.925","0.925","106.9","0.978","1.001","0.692","1.277","0.867","1.101","1.0365","0.0465","22.29","100","0",""
"2026-02-26","1800A","深藍297U","production","","","15","14","","11","","0.435","0.16","0.02","0.04","5","1.2","","","","","0.16","","16","25","16.00","","151","26","164","50","18","55","15.01","1.187","0.109","0.437","0.055","0.926","0.926","110.2","1.007","1.002","0.692","1.277","0.867","1.101","1.0384","0.0458","22.66","100","0",""
"2026-02-26","1800A","深紫266C","production","","","17.2","10","","10.8","","0.42","0.16","0.02","0.04","5","3.6","","","","","0.16","","16","25","16.00","","151.2","26","164","50","18","55","14.77","1.149","0.109","0.438","0.055","1.016","1.016","96.7","0.888","1.003","0.681","1.258","0.855","1.085","1.0464","0.0468","22.36","100","0",""
"2026-02-26","1800A","桃紅225U","production","","","15.6","10","","11","","0.455","0.165","0.03","0.04","5","6.6","","","","","0.16","","16","25","16.00","","151.2","26","164","50","18","55","14.75","1.220","0.107","0.442","0.080","1.122","1.122","94.2","0.866","1.004","0.668","1.233","0.838","1.064","1.0554","0.0471","22.41","100","0",""
"2026-02-26","1800A","綠2234U","production","","","19.3","10","","11.2","","0.44","0.155","0.025","0.04","5","1.17","","","","","0.16","","16","25","16.00","","151","26","164","50","18","55","15.12","1.188","0.108","0.419","0.068","0.925","0.925","110.7","1.012","1.001","0.692","1.277","0.867","1.101","1.0381","0.0454","22.85","100","0",""
"2026-02-26","1800A","紫紅209U","production","","","13.9","10.3","","11.4","","0.43","0.165","0.036","0.041","5.2","8.29","","","","","0.16","","16","25","16.00","","151","26","164","50","18","55","15.23","1.149","0.110","0.441","0.096","1.183","1.183","83.1","0.762","1.005","0.660","1.219","0.828","1.051","1.0644","0.0462","23.04","100","0",""
"2026-02-26","1800A","特黑06C","production","","","22.3","5","","11","","0.45","0.17","0.055","0.04","5","5.2","","","","","0.16","","16","25","16.00","","150","26","164","50","18","55","14.49","1.186","0.105","0.448","0.145","1.068","1.068","96.0","0.863","1.004","0.675","1.246","0.846","1.075","1.0486","0.0471","22.26","92","1","[Warning] 混練Discharge Temperature(120°C)接近AC有效分解溫度(111°C)，AC可能提前分解"
"2026-02-26","1600B","寶藍293U","production","","","26.5","10","","10.8","","0.535","0.19","0.05","0.06","5","6.33","","","","","0.16","","16","25","16.00","","151","26","164","50","18","55","11.27","1.117","0.125","0.397","0.104","1.115","1.115","83.1","0.759","1.003","0.676","1.248","0.847","1.076","1.0274","0.0565","18.17","76","3","[Warning] 混練Discharge Temperature(120°C)接近AC有效分解溫度(111°C)，AC可能提前分解; [Warning] ZnO/AC比Too High(3.52%)，DCP供需比僅83%，交聯-發泡可能失衡; [Warning] ZnO/AC比Too High(3.52%)，發泡反應劇烈，需確保DCP交聯足夠"
"2026-02-26","1600B","特黑06C","production","","","27.4","10","","11.7","","0.56","0.185","0.055","0.06","5","5.3","","","","","0.16","","16","25","16.00","","153.9","26","164","50","18","55","12.07","1.155","0.124","0.382","0.113","1.083","1.083","89.3","0.850","1.003","0.680","1.255","0.852","1.082","1.0264","0.0534","19.22","84","2","[Warning] 混練Discharge Temperature(120°C)接近AC有效分解溫度(112°C)，AC可能提前分解; [Warning] ZnO/AC比Too High(3.16%)，DCP供需比僅89%，交聯-發泡可能失衡"
"2026-02-26","1600B","黑06CP","production","","","27.5","10","","11","","0.555","0.165","0.04","0.06","5","6","","","","","0.16","","16","25","16.00","","153","26","164","50","18","55","11.28","1.138","0.123","0.338","0.082","1.102","1.102","86.3","0.813","1.003","0.677","1.251","0.849","1.079","1.0255","0.0566","18.13","100","0",""
"2026-02-26","1600AHH","深藍2925U","production","","","37","10","","14.2","","0.675","0.18","0.08","0.06","6","1.4","","","","","0.16","","16","25","16.00","","149.5","34","164","50","18","55","12.53","1.192","0.106","0.318","0.141","0.962","0.962","107.1","0.997","1.001","0.692","1.277","0.867","1.101","1.0176","0.0512","19.88","92","1","[Warning] 混練Discharge Temperature(120°C)接近AC有效分解溫度(112°C)，AC可能提前分解"
"2026-02-26","1600AHH","綠2304U","production","","","36","10","","14.8","","0.64","0.185","0.085","0.06","6","3.47","","","","","0.16","","16","25","16.00","","149.5","30","164","50","18","55","12.87","1.113","0.104","0.322","0.148","0.962","0.962","99.2","0.906","1.002","0.688","1.271","0.863","1.096","1.0228","0.0503","20.34","92","1","[Warning] 混練Discharge Temperature(120°C)接近AC有效分解溫度(112°C)，AC可能提前分解"
"2026-02-26","1600AHH","黑7U","production","","","36","10","","14","","0.67","0.17","0.07","0.06","6","1.4","","","","","0.16","","16","25","16.00","","149.5","30","164","50","18","55","12.60","1.206","0.108","0.306","0.126","0.963","0.963","108.2","0.987","1.001","0.692","1.277","0.867","1.101","1.0187","0.0511","19.92","92","1","[Warning] 混練Discharge Temperature(120°C)接近AC有效分解溫度(115°C)，AC可能提前分解"
"2026-02-26","1600AHH","寶藍293U","production","","","26.3","15","","14","","0.65","0.19","0.08","0.06","6.5","7.31","","","","","0.16","","16","25","16.00","","149.5","30","164","50","18","55","12.63","1.173","0.108","0.343","0.144","1.116","1.116","90.4","0.826","1.003","0.676","1.248","0.847","1.076","1.0367","0.0519","19.96","92","1","[Warning] 混練Discharge Temperature(120°C)接近AC有效分解溫度(111°C)，AC可能提前分解"
"2026-02-26","1600AHH","深紫266C","production","","","27.2","20","","14.6","","0.665","0.2","0.09","0.06","6","4.61","","","","","0.16","","16","25","16.00","","149.5","30","164","50","18","55","12.28","1.118","0.101","0.336","0.151","1.037","1.037","93.0","0.850","1.002","0.685","1.265","0.859","1.091","1.0219","0.0521","19.60","92","1","[Warning] 混練Discharge Temperature(120°C)接近AC有效分解溫度(109°C)，AC可能提前分解"
"2026-02-26","RE-357","藍61CL","production","7","7","","","6","","11.7","0.51","0.155","0.04","0.035","4","5.5","","","","","0.16","","16","25","18.55","","140.5","27","164","50","18","55","19.03","1.659","0.114","0.504","0.130","1.490","1.490","99.6","0.660","0.989","1.195","1.831","1.385","1.640","1.0678","0.0365","29.22","70","2","[嚴重] 交聯指數過低(0.660)，遠低於合格下限(1.195)，泡孔結構嚴重不穩定; [嚴重] 交聯指數過低(0.660)，遠低於合格下限(1.195)，泡孔結構嚴重不穩定"
"2026-02-25","RE138UF","紅514U","production","33.8","","","","5","","11","0.565","0.17","0.075","0.02","9","4.41","","","","0.23","0.16","","16","25","16.00","","146","27","164","25","18","55","11.03","1.133","0.040","0.341","0.150","1.367","1.367","78.3","0.642","0.995","0.455","0.730","0.538","0.648","1.0584","0.0591","17.89","89","2","[Warning] 混練Discharge Temperature(120°C)接近AC有效分解溫度(106°C)，AC可能提前分解; ZnO/AC比High(3.09%)且DCP供需比Low(78%)，需注意交聯-發泡平衡"
"2026-02-25","RE-357","藍7459C","production","10.7","7","","","6","","10","0.64","0.12","0.05","0.06","4","1.19","","","","","0.16","","16","25","18.56","","143","28","164","25","18","55","16.34","2.092","0.196","0.392","0.163","1.256","1.256","142.7","1.039","0.989","0.642","0.983","0.744","0.881","1.0403","0.0405","25.72","53","5","[嚴重] AC/DCP比過低(7.8 < 9)，發泡嚴重Insufficient(26X倍率); [Warning] 混練Discharge Temperature(120°C)接近AC有效分解溫度(115°C)，AC可能提前分解; [Warning] 交聯指數Too High(1.039 > 0.983)，可能導致泡棉硬脆; [Warning] POE(20%)高DCP(2.09phr)，高辛烯含量加劇β-scission，建議DCP≤1.8phr; [Warning] 交聯指數Too High(1.039 > 0.983)，可能導致泡棉硬脆"
"2026-02-25","RE-139","灰538U","production","29.7","","","","5","","11","0.565","0.165","0.025","0.02","5","0.05","","","","","0.16","","16","25","16.00","","144.5","27","164","25","18","55","13.26","1.362","0.048","0.398","0.060","1.213","1.213","106.0","0.822","0.989","0.518","0.794","0.601","0.711","1.0275","0.0494","20.81","84","2","[Warning] 交聯指數Too High(0.822 > 0.794)，可能導致泡棉硬脆; [Warning] 交聯指數Too High(0.822 > 0.794)，可能導致泡棉硬脆"
"2026-02-25","RE-139","深藍2925U","production","31","","","","5","","11","0.58","0.15","0.02","0.03","5","1","","","","","0.16","","16","25","16.00","","143.8","27","164","25","18","55","12.64","1.333","0.069","0.345","0.046","1.299","1.299","94.5","0.714","0.991","0.459","0.736","0.542","0.653","1.0265","0.0515","19.93","100","0",""
"2026-02-25","RE-139","紅221U","production","27","","","","5","","11","0.57","0.19","0.045","0.03","5","4.94","","","","","0.16","","16","25","16.00","","144","27","164","25","18","55","12.95","1.343","0.071","0.448","0.106","1.348","1.348","91.6","0.696","0.990","0.508","0.779","0.590","0.698","1.0398","0.0504","20.62","92","1","[Warning] 混練Discharge Temperature(120°C)接近AC有效分解溫度(113°C)，AC可能提前分解"
"2026-02-25","RE-139","黑06CL","production","28.4","","","","5","","11.2","0.56","0.15","0.035","0.02","5","2.05","","","","","0.16","","16","25","16.00","","143.5","27","164","25","18","55","13.40","1.340","0.048","0.359","0.084","1.269","1.269","99.7","0.747","0.989","0.517","0.792","0.599","0.710","1.0336","0.0490","21.09","100","0",""
"2026-02-25","RE-138","綠326U","production","35.3","","","","5","","11.5","0.57","0.175","0.05","0.02","8","2.97","","","","","0.16","","16","25","16.00","","146.5","27","164","25","18","55","11.44","1.134","0.040","0.348","0.099","1.329","1.329","80.6","0.671","0.996","0.459","0.736","0.542","0.653","1.0456","0.0569","18.39","84","2","[Warning] 混練Discharge Temperature(120°C)接近AC有效分解溫度(113°C)，AC可能提前分解; [Warning] ZnO/AC比Too High(3.04%)，DCP供需比僅81%，交聯-發泡可能失衡"
"2026-02-25","RE-138","深藍297U","production","37.3","","","","5","","10.8","0.57","0.14","0.04","0.02","8","1.6","","","","","0.16","","16","25","16.00","","146.5","27","164","25","18","55","10.61","1.120","0.039","0.275","0.079","1.294","1.294","81.8","0.682","0.996","0.461","0.740","0.545","0.656","1.0390","0.0602","17.25","100","0",""
"2026-02-25","RE-137","中藍2191U","production","32.5","","","","4","","9.3","0.515","0.155","0.035","0.02","8","0.37","","","","","0.16","","16","25","16.00","","145.5","27","164","25","18","55","10.71","1.186","0.046","0.357","0.081","1.259","1.259","88.5","0.716","0.998","0.462","0.741","0.546","0.657","1.0475","0.0607","17.27","84","2","[Warning] 混練Discharge Temperature(120°C)接近AC有效分解溫度(115°C)，AC可能提前分解; [Warning] ZnO/AC比Too High(3.33%)，DCP供需比僅89%，交聯-發泡可能失衡"
"2026-02-25","RE-137","草綠346U","production","31.2","","","","4","","9.6","0.525","0.18","0.04","0.02","8","1.32","","","","","0.16","","16","25","16.00","","145.5","27","164","25","18","55","11.17","1.221","0.047","0.419","0.093","1.288","1.288","89.2","0.721","0.998","0.462","0.741","0.546","0.657","1.0522","0.0588","17.90","76","3","[Warning] 混練Discharge Temperature(120°C)接近AC有效分解溫度(112°C)，AC可能提前分解; [Warning] ZnO/AC比Too High(3.75%)，DCP供需比僅89%，交聯-發泡可能失衡; [Warning] ZnO/AC比Too High(3.75%)，發泡反應劇烈，需確保DCP交聯足夠"
"2026-02-25","RE-137","大紅178U","production","31","","","","4","","9.6","0.525","0.185","0.04","0.02","8","1.7","","","","","0.16","","16","25","16.00","","145.5","27","164","25","18","55","11.14","1.219","0.046","0.429","0.093","1.298","1.298","88.3","0.714","0.998","0.462","0.741","0.546","0.657","1.0531","0.0589","17.87","76","3","[Warning] 混練Discharge Temperature(120°C)接近AC有效分解溫度(112°C)，AC可能提前分解; [Warning] ZnO/AC比Too High(3.85%)，DCP供需比僅88%，交聯-發泡可能失衡; [Warning] ZnO/AC比Too High(3.85%)，發泡反應劇烈，需確保DCP交聯足夠"
"2026-02-25","RE-137","深黑","production","28.8","","","","4.1","","9.7","0.515","0.165","0.045","0.021","8.2","3.3","","","","","0.16","","16","25","16.00","","145","27","164","25","18","55","11.47","1.218","0.050","0.390","0.106","1.351","1.351","84.5","0.671","0.996","0.457","0.733","0.540","0.650","1.0616","0.0580","18.30","84","2","[Warning] 混練Discharge Temperature(120°C)接近AC有效分解溫度(112°C)，AC可能提前分解; [Warning] ZnO/AC比Too High(3.40%)，DCP供需比僅84%，交聯-發泡可能失衡"
"2026-02-25","614NN","黑","production","26","","36","","","41","","0.945","0.3","0.03","0.07","9","1.8","4","","","","0.16","","16","25","16.00","","149.4","26","164","25","18","55","23.81","1.098","0.081","0.348","0.035","0.874","0.874","111.3","0.997","1.009","0.592","0.907","0.686","0.813","1.0756","0.0347","31.01","84","2","[Warning] 交聯指數Too High(0.997 > 0.907)，可能導致泡棉硬脆; [Warning] 交聯指數Too High(0.997 > 0.907)，可能導致泡棉硬脆"
"2026-02-25","1600A","深桃紅228C","production","","","27","10","","11","","0.62","0.18","0.07","0.06","5","9.08","","","","","0.16","","16","25","16.00","","152","26","164","25","18","55","10.88","1.226","0.119","0.356","0.138","1.183","1.183","88.4","0.823","1.004","0.667","1.232","0.837","1.063","1.0303","0.0580","17.77","84","2","[Warning] 混練Discharge Temperature(120°C)接近AC有效分解溫度(107°C)，AC可能提前分解; [Warning] ZnO/AC比Too High(3.27%)，DCP供需比僅88%，交聯-發泡可能失衡"
"2026-02-25","1600A","特黑06C","production","","","28.6","10","","11","","0.59","0.21","0.065","0.06","5","5.35","","","","","0.16","","16","25","16.00","","153","26","164","25","18","55","11.14","1.195","0.122","0.425","0.132","1.081","1.081","93.5","0.880","1.003","0.680","1.255","0.852","1.083","1.0226","0.0565","18.08","84","2","[Warning] 混練Discharge Temperature(120°C)接近AC有效分解溫度(107°C)，AC可能提前分解; [Warning] ZnO/AC比Too High(3.82%)，發泡反應劇烈，需確保DCP交聯足夠"
"2026-02-25","1600","膚727U","production","","","22.5","10","","11.5","","0.555","0.18","0.035","0.06","5","0.5","","","","","0.16","","16","25","16.00","","151.2","26","164","25","18","55","14.42","1.392","0.150","0.451","0.088","0.898","0.898","129.5","1.180","1.001","0.692","1.277","0.867","1.101","1.0297","0.0468","22.00","100","0",""
"2026-02-25","1600","藍648U","production","2","","26","5","","11","","0.51","0.22","0.025","0.05","5.75","3.4","","","","0.75","0.16","","16","25","16.00","","151.8","26","164","25","18","55","12.94","1.200","0.118","0.518","0.059","1.054","1.054","96.9","0.899","1.004","0.685","1.264","0.859","1.090","1.0471","0.0527","19.88","92","1","[Warning] ZnO/AC比Too High(4.00%)，發泡反應劇烈，需確保DCP交聯足夠"
"2026-02-25","1600","灰421U","production","2","","27","5","","11","","0.52","0.175","0.04","0.05","5","0.21","","","","","0.16","","16","25","16.00","","151.8","26","164","25","18","55","13.44","1.271","0.122","0.428","0.098","0.899","0.899","120.7","1.117","1.002","0.692","1.277","0.867","1.101","1.0250","0.0492","20.82","100","0",""
"2026-02-25","1600","黑07CL","production","","","24.7","5","","11","","0.47","0.15","0.025","0.05","5","4.7","","","","","0.16","","16","25","16.00","","151","26","164","25","18","55","13.76","1.176","0.125","0.375","0.063","1.041","1.041","94.7","0.865","1.003","0.678","1.252","0.850","1.080","1.0413","0.0495","21.06","100","0",""
"2026-02-25","1300","大紅178U","production","2","","27.6","5.1","","10.1","","0.525","0.163","0.035","0.051","5.1","1.53","","","","","0.16","","16","25","16.00","","151","26","164","25","18","55","11.97","1.245","0.121","0.387","0.083","0.991","0.991","107.1","0.978","1.003","0.692","1.277","0.867","1.101","1.0240","0.0542","18.91","100","0",""
"2026-02-26","RE-3100","特黑06C","production","19.3","","","","2","","11.2","0.485","0.14","0.04","0.02","3","4.9","","","","","0.16","","16","25","16.00","","141","27","164","50","18","55","17.88","1.548","0.064","0.447","0.128","1.247","1.247","116.2","0.805","1.006","0.947","1.451","1.098","1.300","1.0549","0.0390","27.05","84","2","[Warning] 交聯指數Low(0.805 < 0.947)，泡孔結構可能不穩定; [Warning] 交聯指數Low(0.805 < 0.947)，泡孔結構可能不穩定"
"2026-02-25","4000","特黑06C","production","19","","","10","","","16","0.57","0.175","0.04","0.02","5","5.34","","","","","0.16","","16","25","16.00","","143.5","26","164","25","18","55","18.93","1.349","0.047","0.414","0.095","1.110","1.110","114.9","0.876","1.020","0.939","1.439","1.089","1.289","1.0641","0.0384","27.72","84","2","[Warning] 交聯指數Low(0.876 < 0.939)，泡孔結構可能不穩定; [Warning] 交聯指數Low(0.876 < 0.939)，泡孔結構可能不穩定"
"2026-02-25","4000","深藍2925U","production","19.8","","","10","","","16","0.56","0.16","0.02","0.02","5","1.2","","","","","0.16","","16","25","16.00","","144.2","26","164","25","18","55","20.03","1.402","0.050","0.401","0.050","1.001","1.001","132.2","1.033","1.019","1.089","1.669","1.263","1.495","1.0584","0.0370","28.63","84","2","[Warning] 交聯指數Low(1.033 < 1.089)，泡孔結構可能不穩定; [Warning] 交聯指數Low(1.033 < 1.089)，泡孔結構可能不穩定"
"2026-02-25","4000","綠571U","production","21","","","10","","","16.2","0.585","0.165","0.03","0.02","5","0.52","","","","","0.16","","16","25","16.00","","143","26","164","25","18","55","19.88","1.436","0.049","0.405","0.074","0.983","0.983","138.3","1.035","1.020","1.107","1.696","1.283","1.519","1.0551","0.0368","28.70","84","2","[Warning] 交聯指數Low(1.035 < 1.107)，泡孔結構可能不穩定; [Warning] 交聯指數Low(1.035 < 1.107)，泡孔結構可能不穩定"
"2026-02-25","251","特黑05CL","production","15","","","8","","","11.2","0.465","0.1","0.02","0.02","","3.78","","","","","0.16","","16","25","16.00","","143.5","26","164","25","18","55","17.81","1.479","0.064","0.318","0.064","1.099","1.099","125.6","0.955","1.019","0.764","1.171","0.886","1.049","1.0142","0.0380","26.66","100","0",""
"2026-02-25","1300","黑","production","","","27.8","5","","10","","0.5","0.15","0.04","0.05","5","0.82","","","","","0.16","","16","25","16.00","","151.2","26","164","25","18","55","12.61","1.261","0.126","0.378","0.101","0.957","0.957","111.7","1.021","1.001","0.692","1.277","0.867","1.101","1.0253","0.0519","19.75","92","1","[Warning] 混練Discharge Temperature(120°C)接近AC有效分解溫度(114°C)，AC可能提前分解"
"2026-02-25","1300","白","production","","","29","5","","9.8","","0.485","0.15","0.035","0.02","5.6","","","","","0.6","0.16","","16","25","16.00","","151","26","164","25","18","55","12.16","1.203","0.050","0.372","0.087","0.928","0.928","121.3","1.118","1.001","0.692","1.277","0.867","1.101","1.0336","0.0545","18.98","100","0",""
"2026-02-25","1600","白","production","","","27.8","5","","11.2","","0.505","0.165","0.04","0.05","5.6","","","","","0.6","0.16","","16","25","16.00","","151.5","26","164","25","18","55","14.07","1.269","0.126","0.415","0.101","0.882","0.882","122.2","1.123","1.001","0.692","1.277","0.867","1.101","1.0402","0.0486","21.42","100","0",""
"2026-03-02","1600特殊板","深黑","production","11","","19.8","","","","11.1","0.61","0.16","0.055","0.05","3","5.8","","","","","0.16","","16","25","16.00","","143.5","26","164","25","18","55","13.39","1.472","0.121","0.386","0.133","1.159","1.159","111.1","0.833","1.014","0.511","0.782","0.592","0.701","1.0280","0.0487","21.13","76","3","[Warning] 混練Discharge Temperature(120°C)接近AC有效分解溫度(112°C)，AC可能提前分解; [Warning] 交聯指數Too High(0.833 > 0.782)，可能導致泡棉硬脆; [Warning] 交聯指數Too High(0.833 > 0.782)，可能導致泡棉硬脆"
"2026-03-02","1600NN-2特殊板","深黑","production","0.5","","17.6","10","","","11.3","0.695","0.22","0.12","0.05","","6.2","","4.5","3","","0.16","","16","25","16.00","","149.4","26","164","25","18","55","13.93","1.714","0.123","0.542","0.296","1.128","1.202","126.9","1.059","1.008","0.455","0.698","0.528","0.625","1.0310","0.0474","21.73","73","4","[Warning] AC/DCP比偏低(8.1)，22X倍率建議>9; [Warning] 混練Discharge Temperature(120°C)接近AC有效分解溫度(97°C)，AC可能提前分解; [Warning] ZnO/AC比Too High(3.89%)，發泡反應劇烈，需確保DCP交聯足夠; Urea/AC比High(2.12%)，發泡加速明顯，Caution泡孔穩定性"
"2026-03-02","1600NN-2特殊板","深黑-1","production","10","","17.6","5","","","11.2","0.64","0.17","0.1","0.03","","2.15","","3","3","","0.16","","16","25","16.00","","149.4","26","164","25","18","55","13.57","1.551","0.073","0.412","0.242","1.039","1.104","130.3","1.102","1.012","0.476","0.729","0.552","0.653","1.0084","0.0471","21.42","84","2","[Warning] AC/DCP比偏低(8.7)，21X倍率建議>9; [Warning] 混練Discharge Temperature(120°C)接近AC有效分解溫度(102°C)，AC可能提前分解"
"2026-02-26","1800","黑","production","2","","14.8","4","","11.2","","0.36","0.11","0.015","0.04","6.5","1","","","","","0.16","","16","25","16.00","","149.2","26","164","50","18","55","19.46","1.251","0.139","0.382","0.052","0.880","0.880","118.2","1.039","1.004","0.692","1.277","0.867","1.101","1.0860","0.0392","27.69","100","0",""
"2026-02-26","1900C","黑","production","","","33.7","10","","17","","0.62","0.185","0.055","0.06","6","1.2","","","","","0.16","","16","25","16.00","","151.7","30","164","28","18","55","15.57","1.136","0.110","0.339","0.101","0.910","0.910","106.4","1.004","1.001","0.692","1.277","0.867","1.101","1.0284","0.0435","23.63","100","0",""
"2026-02-26","1900C","白","production","","","36.1","11","","17","","0.625","0.23","0.065","0.06","6","","","","","","0.16","","16","25","16.00","","152","30","164","28","18","55","14.89","1.095","0.105","0.403","0.114","0.880","0.880","106.2","1.006","1.001","0.692","1.277","0.867","1.101","1.0215","0.0447","22.84","100","0",""
"2026-02-26","2000","白","production","","","22","8","","11","","0.445","0.16","0.03","0.04","5","","","","","0.6","0.16","","16","25","16.00","","153","26","164","25","18","55","14.97","1.211","0.109","0.435","0.082","0.882","0.882","118.5","1.116","1.001","0.692","1.277","0.867","1.101","1.0417","0.0463","22.48","100","0",""
"2026-02-26","2200C","白","production","","","28.1","10","","16","","0.55","0.16","0.045","0.02","6.2","","","","","1.2","0.16","","16","25","16.00","","151","26","164","25","18","55","16.79","1.154","0.042","0.336","0.094","0.881","0.881","123.5","1.140","1.001","0.692","1.277","0.867","1.101","1.0491","0.0424","24.76","100","0",""
"2026-02-26","2500","黑","production","2","","17","4","","11.2","","0.36","0.11","0.015","0.03","4","0.41","","","","","0.03","","16","25","16.00","0.00","151","26","164","25","18","55","18.75","1.205","0.100","0.368","0.050","0.898","0.898","114.2","1.127","1.003","0.900","1.500","1.080","1.320","1.0477","0.0387","27.04","100","0",""
"2026-02-26","2500","白","production","2","","17","4","","11.2","","0.39","0.125","0.025","0.03","3","","","","","0.3","0.16","","16","25","16.00","","148.5","27","164","25","18","55","19.08","1.329","0.102","0.426","0.085","0.829","0.829","141.4","1.238","1.002","0.692","1.277","0.867","1.101","1.0392","0.0372","27.93","100","0",""
"2026-02-26","2500-1","黑","production","4.1","","11.8","4","","12","","0.355","0.14","0.02","0.025","3.6","0.47","","","","","0.16","","16","25","16.00","","148.3","30","164","25","18","55","22.10","1.307","0.092","0.516","0.074","0.841","0.841","138.8","1.244","1.005","0.692","1.277","0.867","1.101","1.0580","0.0335","31.57","100","0",""
"2026-02-26","2500-1","白","production","3.5","","13.2","2.4","","12.5","","0.34","0.13","0.02","0.025","3.9","","","","","0.37","0.16","","16","25","16.00","","148.3","27","164","25","18","55","23.74","1.292","0.095","0.494","0.076","0.817","0.817","140.4","1.227","1.004","0.692","1.277","0.867","1.101","1.0724","0.0322","33.26","100","0",""
"2026-02-26","2500AHH","黑","production","","","22.9","10","","14","","0.515","0.15","0.02","0.05","5","1","","","","","0.16","","16","25","16.00","","149.5","30","164","25","18","55","16.71","1.229","0.119","0.358","0.048","0.913","0.913","114.7","1.045","1.001","0.692","1.277","0.867","1.101","1.0358","0.0419","24.72","100","0",""
"2026-02-26","2500AHH","特黑","production","","","21.2","10","","14","","0.535","0.185","0.05","0.05","5","4.9","","","","","0.16","","16","25","16.00","","148.5","30","164","25","18","55","16.23","1.241","0.116","0.429","0.116","1.035","1.035","102.8","0.920","1.003","0.679","1.254","0.851","1.081","1.0448","0.0427","24.47","100","0",""
"2026-02-26","2500AHH","白","production","","","23.2","10","","14","","0.51","0.14","0.04","0.05","5.65","","","","","0.65","0.16","","16","25","16.00","","149.5","30","164","25","18","55","16.82","1.226","0.120","0.336","0.096","0.882","0.882","118.3","1.076","1.001","0.692","1.277","0.867","1.101","1.0469","0.0421","24.89","100","0",""
"2026-02-26","251","白","production","13.2","","","10.8","","","10.8","0.415","0.12","0.02","0.02","4","","","","","0.5","0.16","","16","25","16.00","","143.3","26","164","25","18","55","17.76","1.365","0.066","0.395","0.066","0.946","0.946","133.6","1.006","1.017","0.623","0.955","0.723","0.855","1.0569","0.0409","25.83","84","2","[Warning] 交聯指數Too High(1.006 > 0.955)，可能導致泡棉硬脆; [Warning] 交聯指數Too High(1.006 > 0.955)，可能導致泡棉硬脆"
"2026-02-26","282-1","黑","production","3.7","","18.6","","","12.6","","0.35","0.12","0.035","0.03","3.4","0.61","","","","","0.135","","16","25","16.00","0.00","147.7","26","164","25","18","55","21.12","1.173","0.101","0.402","0.117","0.931","0.931","106.8","1.055","1.004","0.895","1.492","1.074","1.313","1.0494","0.0344","30.52","100","0",""
"2026-02-26","282-1","白","production","6.8","","12.2","3.4","","12.2","","0.33","0.1","0.025","0.02","3.4","","","","","0.4","0.135","","16","25","16.00","0.00","147.7","26","164","25","18","55","20.78","1.124","0.068","0.341","0.085","0.865","0.865","115.2","1.147","1.007","0.900","1.500","1.080","1.320","1.0532","0.0355","29.68","100","0",""
"2026-02-26","3000","黑","production","12.5","","","10","","","10.8","0.435","0.13","0.03","0.02","4","0.85","","","","","0.16","","16","25","16.00","","144.5","26","164","25","18","55","18.28","1.473","0.068","0.440","0.102","0.981","0.981","139.5","1.096","1.017","0.755","1.157","0.876","1.037","1.0558","0.0393","26.85","100","0",""
"2026-02-26","3000","白","production","12.8","","","10","","","11.2","0.455","0.135","0.03","0.02","4","","","","","0.5","0.16","","16","25","16.00","","144.5","26","164","25","18","55","19.05","1.548","0.068","0.459","0.102","0.949","0.949","152.0","1.194","1.017","0.854","1.309","0.991","1.173","1.0628","0.0384","27.65","100","0",""
"2026-02-25","312","黑","production","20.5","","","7","","13.5","","0.53","0.145","0.025","0.02","4","0.65","","","","","0.16","","16","25","16.00","","140.1","26","164","25","18","55","18.89","1.483","0.056","0.406","0.070","0.960","0.960","145.5","0.969","1.016","0.794","1.216","0.920","1.089","1.0468","0.0381","27.47","100","0",""
"2026-02-25","4000","黑","production","23","","","10","","","16","0.58","0.16","0.025","0.02","4","0.7","","","","","0.16","","16","25","16.00","","142","26","164","25","18","55","18.81","1.364","0.047","0.376","0.059","0.989","0.989","130.5","0.941","1.020","0.905","1.386","1.049","1.242","1.0416","0.0381","27.37","100","0",""
"2026-02-26","460","黑","production","2","","22","5","","16","","0.5","0.17","0.025","0.04","5","0.7","","","","","0.16","","16","25","16.00","","146.5","26","164","25","18","55","20.63","1.289","0.103","0.438","0.064","0.850","0.850","133.2","1.094","1.003","0.692","1.277","0.867","1.101","1.0512","0.0355","29.58","100","0",""
"2026-02-26","460","白","production","","","24.4","5","","16","","0.52","0.18","0.035","0.04","5.5","","","","","0.5","0.16","","16","25","16.00","","150.8","26","164","25","18","55","20.63","1.341","0.103","0.464","0.090","0.817","0.817","144.8","1.319","1.001","0.692","1.277","0.867","1.101","1.0590","0.0358","29.58","84","2","[Warning] 交聯指數Too High(1.319 > 1.277)，可能導致泡棉硬脆; [Warning] 交聯指數Too High(1.319 > 1.277)，可能導致泡棉硬脆"
"2026-02-26","460-1","黑","production","5","","14.7","5","","14.6","","0.455","0.18","0.035","0.03","4","0.59","","","","","0.16","","16","25","16.00","","149","26","164","25","18","55","21.83","1.361","0.090","0.538","0.105","0.840","0.840","145.6","1.285","1.005","0.692","1.277","0.867","1.101","1.0525","0.0335","31.46","84","2","[Warning] 交聯指數Too High(1.285 > 1.277)，可能導致泡棉硬脆; [Warning] 交聯指數Too High(1.285 > 1.277)，可能導致泡棉硬脆"
"2026-02-26","460-1","白","production","4.5","","17","3","","15.8","","0.44","0.16","0.02","0.03","5.48","","","","","0.48","0.16","","16","25","16.00","","148.3","26","164","25","18","55","23.39","1.303","0.089","0.474","0.059","0.817","0.817","142.8","1.238","1.005","0.692","1.277","0.867","1.101","1.0766","0.0331","32.55","100","0",""
"2026-02-26","600-1","黑","production","5.5","","27.5","","","18.5","","0.49","0.155","0.028","0.045","5","0.9","","","","","0.16","","16","25","16.00","","149","26","164","25","18","55","20.94","1.109","0.102","0.351","0.063","0.868","0.868","110.0","0.968","1.004","0.692","1.277","0.867","1.101","1.0474","0.0349","29.99","100","0",""
"2026-02-26","600-1","深黑","production","","","53.4","6.4","","39.5","","0.975","0.315","0.085","0.06","5.4","7.2","","","","","0.16","","16","25","16.00","","148.8","26","164","25","18","55","22.89","1.130","0.070","0.365","0.098","0.887","0.887","115.4","1.014","1.002","0.684","1.263","0.858","1.089","1.0404","0.0315","33.08","100","0",""
"2026-02-25","600NN","黑","production","31.75","","29.4","","","42","","0.98","0.26","0.05","0.1","11","1.8","","2.9","","","0.16","","16","25","16.00","","149.4","27","164","25","18","55","23.96","1.118","0.114","0.297","0.057","0.891","0.891","106.1","0.955","1.011","0.804","1.232","0.932","1.103","1.0728","0.0338","31.73","100","0",""
"2026-02-26","600NN","白","production","10","","18.6","3.1","","20.7","","0.535","0.165","0.04","0.03","5.82","","","1.8","0.4","0.62","0.16","","16","25","16.00","","148.2","26","164","25","18","55","23.33","1.206","0.068","0.372","0.090","0.839","0.842","130.8","1.133","1.007","0.675","1.246","0.846","1.075","1.0770","0.0333","32.35","100","0",""
"2026-02-25","604NN","黑","production","25","","35.5","","","41","","0.91","0.3","0.04","0.07","9","1.8","4","","","","0.16","","16","25","16.00","","149.4","26","164","25","18","55","24.23","1.076","0.083","0.355","0.047","0.874","0.874","108.7","0.972","1.009","0.591","0.906","0.686","0.812","1.0778","0.0338","31.89","84","2","[Warning] 交聯指數Too High(0.972 > 0.906)，可能導致泡棉硬脆; [Warning] 交聯指數Too High(0.972 > 0.906)，可能導致泡棉硬脆"
"2026-02-25","RE-139","深黑","production","27.2","","","","4","","11.2","0.58","0.13","0.055","0.02","5","4.1","","","","","0.16","","16","25","16.00","","143.5","27","164","25","18","55","13.62","1.410","0.049","0.316","0.134","1.309","1.309","101.9","0.769","0.996","0.514","0.787","0.596","0.705","1.0428","0.0486","21.48","100","0",""
"2026-02-25","RE-357","深黑","production","11","7.5","","","6.5","","10","0.62","0.14","0.045","0.043","4.3","2.65","","","","","0.16","","16","25","18.54","","141.2","27","164","25","18","55","15.12","1.875","0.130","0.423","0.136","1.406","1.406","119.3","0.809","0.988","0.512","0.785","0.594","0.703","1.0412","0.0434","24.00","68","4","[Warning] AC/DCP比偏低(8.1)，24X倍率建議>9; [Warning] 混練Discharge Temperature(120°C)接近AC有效分解溫度(114°C)，AC可能提前分解; [Warning] 交聯指數Too High(0.809 > 0.785)，可能導致泡棉硬脆; [Warning] 交聯指數Too High(0.809 > 0.785)，可能導致泡棉硬脆"
